{
  "project_info": {
    "project_number": "143292713588",
    "project_id": "androidhive-77413"
  },
  "client": [
    {
      "client_info": {
        "mobilesdk_app_id": "1:143292713588:android:2693a1798631fb6d",
        "android_client_info": {
          "package_name": "info.androidhive.gpluslogin"
        }
      },
      "oauth_client": [
        {
          "client_id": "143292713588-habkloob56onotvctn4evep5suv3d2pk.apps.googleusercontent.com",
          "client_type": 1,
          "android_info": {
            "package_name": "info.androidhive.gpluslogin",
            "certificate_hash": "F39BAB2FA1BF5F8A47A856F5F0FD060853898DCE"
          }
        },
        {
          "client_id": "143292713588-3k7br1i6ohp5ok619em7tu0ql253inht.apps.googleusercontent.com",
          "client_type": 3
        }
      ],
      "api_key": [
        {
          "current_key": "AIzaSyDgxa4_Lk4gt15KjzbM7hUwlTA58SMIDL4"
        }
      ],
      "services": {
        "analytics_service": {
          "status": 1
        },
        "appinvite_service": {
          "status": 1,
          "other_platform_oauth_client": []
        },
        "ads_service": {
          "status": 1
        }
      }
    }
  ],
  "configuration_version": "1"
}